USERNAME	ITEM_ID	ITEM_NAME	ITEM_SUBTYPE	BORROWING_SITE	TIMESTAMP
1001	6799833234	I'm a Book: Book 1	BOOK	Library	2020-09-19
1001	6799833235	I'm a Book: Book 2	BOOK	Library	2020-09-30
1001	6799833236	I'm a Book: Book 3	BOOK	Library	2020-10-19
1001	6799833237	I'm a Book: Book 4	BOOK	Library	2020-11-10
1001	6799833238	I'm a Book: Book 5	BOOK	Library	2020-11-29
1001	6799833239	I'm a Book: Book 6	BOOK	Library	2020-12-13
1001	6799833240	I'm a Book: Book 7	BOOK	Library	2020-12-29
1001	6799833241	I'm a Book: Book 8	BOOK	Library	2021-01-14
1001	6799833242	I'm a Book: Book 9	BOOK	Library	2021-02-03
1001	6799833243	I'm a Book: Book 10	BOOK	Library	2021-02-19
1001	6799833244	I'm a Book: Book 11	BOOK	Library	2021-03-11
1001	6799833245	I'm a Book: Book 12	BOOK	Library	2021-04-01
1001	6799833246	I'm a Book: Book 13	BOOK	Library	2021-04-19
1001	6799833247	I'm a Book: Book 14	BOOK	Library	2021-04-29
1001	6799833248	I'm a Book: Book 15	BOOK	Library	2021-05-09
1001	6799833249	I'm a Book: Book 16	BOOK	Library	2021-05-23
1001	6799833250	I'm a Book: Book 17	BOOK	Library	2021-06-10
1001	6799833251	I'm a Book: Book 18	BOOK	Library	2021-06-20
1001	6799833252	I'm a Book: Book 19	BOOK	Library	2021-07-11
1001	6799833253	I'm a Book: Book 1	BOOK	Library	2020-09-13
1001	6799833254	I'm a Book: Book 2	BOOK	Library	2020-10-04
1001	6799833255	I'm a Book: Book 3	BOOK	Library	2020-10-29
1001	6799833256	I'm a Book: Book 4	BOOK	Library	2020-11-18
1001	6799833257	I'm a Book: Book 5	BOOK	Library	2020-12-09
1001	6799833258	I'm a Book: Book 6	BOOK	Library	2021-01-01
1001	6799833259	I'm a Book: Book 7	BOOK	Library	2021-01-23
1001	6799833260	I'm a Book: Book 8	BOOK	Library	2021-02-13
1001	6799833261	I'm a Book: Book 9	BOOK	Library	2021-02-25
1001	6799833262	I'm a Book: Book 10	BOOK	Library	2021-03-11
1001	6799833263	I'm a Book: Book 11	BOOK	Library	2021-03-22
1001	6799833264	I'm a Book: Book 12	BOOK	Library	2021-04-14
1001	6799833265	I'm a Book: Book 13	BOOK	Library	2021-05-08
1001	6799833266	I'm a Book: Book 14	BOOK	Library	2021-05-20
1001	6799833267	I'm a Book: Book 15	BOOK	Library	2021-05-30
1001	6799833268	I'm a Book: Book 16	BOOK	Library	2021-06-20
1001	6799833269	I'm a Book: Book 17	BOOK	Library	2021-07-07
1001	6799833270	I'm a Book: Book 18	BOOK	Library	2021-07-31
1002	6799833271	I'm a Book: Book 1	BOOK	Library	2020-09-17
1002	6799833272	I'm a Book: Book 2	BOOK	Library	2020-10-12
1002	6799833273	I'm a Book: Book 3	BOOK	Library	2020-11-04
1002	6799833274	I'm a Book: Book 4	BOOK	Library	2020-11-26
1002	6799833275	I'm a Book: Book 5	BOOK	Library	2020-12-10
1002	6799833276	I'm a Book: Book 6	BOOK	Library	2020-12-26
1002	6799833277	I'm a Book: Book 7	BOOK	Library	2021-01-05
1002	6799833278	I'm a Book: Book 8	BOOK	Library	2021-01-28
1002	6799833279	I'm a Book: Book 9	BOOK	Library	2021-02-17
1002	6799833280	I'm a Book: Book 10	BOOK	Library	2021-03-07
1002	6799833281	I'm a Book: Book 11	BOOK	Library	2021-03-21
1002	6799833282	I'm a Book: Book 12	BOOK	Library	2021-04-05
1002	6799833283	I'm a Book: Book 13	BOOK	Library	2021-04-17
1002	6799833284	I'm a Book: Book 14	BOOK	Library	2021-05-03
1002	6799833285	I'm a Book: Book 15	BOOK	Library	2021-05-14
1002	6799833286	I'm a Book: Book 16	BOOK	Library	2021-05-29
1002	6799833287	I'm a Book: Book 17	BOOK	Library	2021-06-23
1002	6799833288	I'm a Book: Book 18	BOOK	Library	2021-07-02
1002	6799833289	I'm a Book: Book 19	BOOK	Library	2021-07-19
1002	6799833290	I'm a Book: Book 20	BOOK	Library	2021-07-28
1002	6799833291	I'm a Book: Book 1	BOOK	Library	2020-09-30
1002	6799833292	I'm a Book: Book 2	BOOK	Library	2020-10-27
1002	6799833293	I'm a Book: Book 3	BOOK	Library	2020-11-25
1002	6799833294	I'm a Book: Book 4	BOOK	Library	2020-12-10
1002	6799833295	I'm a Book: Book 5	BOOK	Library	2020-12-25
1002	6799833296	I'm a Book: Book 6	BOOK	Library	2021-01-12
1002	6799833297	I'm a Book: Book 7	BOOK	Library	2021-02-05
1002	6799833298	I'm a Book: Book 8	BOOK	Library	2021-03-09
1002	6799833299	I'm a Book: Book 9	BOOK	Library	2021-04-06
1002	6799833300	I'm a Book: Book 10	BOOK	Library	2021-05-03
1002	6799833301	I'm a Book: Book 11	BOOK	Library	2021-05-21
1002	6799833302	I'm a Book: Book 12	BOOK	Library	2021-06-09
1002	6799833303	I'm a Book: Book 13	BOOK	Library	2021-07-13
1003	6799833304	I'm a Book: Book 1	BOOK	Library	2020-09-19
1003	6799833305	I'm a Book: Book 2	BOOK	Library	2020-10-03
1003	6799833306	I'm a Book: Book 3	BOOK	Library	2020-10-13
1003	6799833307	I'm a Book: Book 4	BOOK	Library	2020-11-05
1003	6799833308	I'm a Book: Book 5	BOOK	Library	2020-11-30
1003	6799833309	I'm a Book: Book 6	BOOK	Library	2020-12-13
1003	6799833310	I'm a Book: Book 7	BOOK	Library	2020-12-28
1003	6799833311	I'm a Book: Book 8	BOOK	Library	2021-01-13
1003	6799833312	I'm a Book: Book 9	BOOK	Library	2021-02-02
1003	6799833313	I'm a Book: Book 10	BOOK	Library	2021-02-15
1003	6799833314	I'm a Book: Book 11	BOOK	Library	2021-03-06
1003	6799833315	I'm a Book: Book 12	BOOK	Library	2021-03-22
1003	6799833316	I'm a Book: Book 13	BOOK	Library	2021-04-10
1003	6799833317	I'm a Book: Book 14	BOOK	Library	2021-04-29
1003	6799833318	I'm a Book: Book 15	BOOK	Library	2021-05-17
1003	6799833319	I'm a Book: Book 16	BOOK	Library	2021-05-28
1003	6799833320	I'm a Book: Book 17	BOOK	Library	2021-06-14
1003	6799833321	I'm a Book: Book 18	BOOK	Library	2021-07-03
1003	6799833322	I'm a Book: Book 19	BOOK	Library	2021-07-21
1003	6799833323	I'm a Book: Book 1	BOOK	Library	2020-10-06
1003	6799833324	I'm a Book: Book 2	BOOK	Library	2020-11-01
1003	6799833325	I'm a Book: Book 3	BOOK	Library	2020-11-26
1003	6799833326	I'm a Book: Book 4	BOOK	Library	2020-12-20
1003	6799833327	I'm a Book: Book 5	BOOK	Library	2021-01-04
1003	6799833328	I'm a Book: Book 6	BOOK	Library	2021-01-23
1003	6799833329	I'm a Book: Book 7	BOOK	Library	2021-02-22
1003	6799833330	I'm a Book: Book 8	BOOK	Library	2021-03-17
1003	6799833331	I'm a Book: Book 9	BOOK	Library	2021-04-17
1003	6799833332	I'm a Book: Book 10	BOOK	Library	2021-05-17
1003	6799833333	I'm a Book: Book 11	BOOK	Library	2021-06-02
1003	6799833334	I'm a Book: Book 12	BOOK	Library	2021-06-28
1003	6799833335	I'm a Book: Book 13	BOOK	Library	2021-07-31
1004	6799833336	I'm a Book: Book 1	BOOK	Library	2020-09-12
1004	6799833337	I'm a Book: Book 2	BOOK	Library	2020-10-02
1004	6799833338	I'm a Book: Book 3	BOOK	Library	2020-10-23
1004	6799833339	I'm a Book: Book 4	BOOK	Library	2020-11-12
1004	6799833340	I'm a Book: Book 5	BOOK	Library	2020-12-03
1004	6799833341	I'm a Book: Book 6	BOOK	Library	2020-12-23
1004	6799833342	I'm a Book: Book 7	BOOK	Library	2021-01-09
1004	6799833343	I'm a Book: Book 8	BOOK	Library	2021-01-26
1004	6799833344	I'm a Book: Book 9	BOOK	Library	2021-02-13
1004	6799833345	I'm a Book: Book 10	BOOK	Library	2021-03-03
1004	6799833346	I'm a Book: Book 11	BOOK	Library	2021-03-16
1004	6799833347	I'm a Book: Book 12	BOOK	Library	2021-03-31
1004	6799833348	I'm a Book: Book 13	BOOK	Library	2021-04-22
1004	6799833349	I'm a Book: Book 14	BOOK	Library	2021-05-05
1004	6799833350	I'm a Book: Book 15	BOOK	Library	2021-05-23
1004	6799833351	I'm a Book: Book 16	BOOK	Library	2021-06-07
1004	6799833352	I'm a Book: Book 17	BOOK	Library	2021-06-21
1004	6799833353	I'm a Book: Book 18	BOOK	Library	2021-07-04
1004	6799833354	I'm a Book: Book 19	BOOK	Library	2021-07-26
1004	6799833355	I'm a Book: Book 1	BOOK	Library	2020-09-09
1004	6799833356	I'm a Book: Book 2	BOOK	Library	2020-09-16
1004	6799833357	I'm a Book: Book 3	BOOK	Library	2020-09-28
1004	6799833358	I'm a Book: Book 4	BOOK	Library	2020-10-07
1004	6799833359	I'm a Book: Book 5	BOOK	Library	2020-10-27
1004	6799833360	I'm a Book: Book 6	BOOK	Library	2020-11-05
1004	6799833361	I'm a Book: Book 7	BOOK	Library	2020-11-11
1004	6799833362	I'm a Book: Book 8	BOOK	Library	2020-11-21
1004	6799833363	I'm a Book: Book 9	BOOK	Library	2020-12-02
1004	6799833364	I'm a Book: Book 10	BOOK	Library	2020-12-12
1004	6799833365	I'm a Book: Book 11	BOOK	Library	2020-12-17
1004	6799833366	I'm a Book: Book 12	BOOK	Library	2020-12-25
1004	6799833367	I'm a Book: Book 13	BOOK	Library	2021-01-07
1004	6799833368	I'm a Book: Book 14	BOOK	Library	2021-01-27
1004	6799833369	I'm a Book: Book 15	BOOK	Library	2021-02-08
1004	6799833370	I'm a Book: Book 16	BOOK	Library	2021-02-24
1004	6799833371	I'm a Book: Book 17	BOOK	Library	2021-03-12
1004	6799833372	I'm a Book: Book 18	BOOK	Library	2021-03-18
1004	6799833373	I'm a Book: Book 19	BOOK	Library	2021-03-26
1004	6799833374	I'm a Book: Book 20	BOOK	Library	2021-04-15
1004	6799833375	I'm a Book: Book 21	BOOK	Library	2021-05-04
1004	6799833376	I'm a Book: Book 22	BOOK	Library	2021-05-13
1004	6799833377	I'm a Book: Book 23	BOOK	Library	2021-05-21
1004	6799833378	I'm a Book: Book 24	BOOK	Library	2021-06-10
1004	6799833379	I'm a Book: Book 25	BOOK	Library	2021-06-28
1004	6799833380	I'm a Book: Book 26	BOOK	Library	2021-07-11
1004	6799833381	I'm a Book: Book 27	BOOK	Library	2021-07-17
1005	6799833382	I'm a Book: Book 1	BOOK	Library	2020-09-19
1005	6799833383	I'm a Book: Book 2	BOOK	Library	2020-10-11
1005	6799833384	I'm a Book: Book 3	BOOK	Library	2020-10-21
1005	6799833385	I'm a Book: Book 4	BOOK	Library	2020-11-02
1005	6799833386	I'm a Book: Book 5	BOOK	Library	2020-11-24
1005	6799833387	I'm a Book: Book 6	BOOK	Library	2020-12-12
1005	6799833388	I'm a Book: Book 7	BOOK	Library	2021-01-03
1005	6799833389	I'm a Book: Book 8	BOOK	Library	2021-01-17
1005	6799833390	I'm a Book: Book 9	BOOK	Library	2021-01-29
1005	6799833391	I'm a Book: Book 10	BOOK	Library	2021-02-10
1005	6799833392	I'm a Book: Book 11	BOOK	Library	2021-02-20
1005	6799833393	I'm a Book: Book 12	BOOK	Library	2021-03-08
1005	6799833394	I'm a Book: Book 13	BOOK	Library	2021-03-27
1005	6799833395	I'm a Book: Book 14	BOOK	Library	2021-04-08
1005	6799833396	I'm a Book: Book 15	BOOK	Library	2021-04-22
1005	6799833397	I'm a Book: Book 16	BOOK	Library	2021-05-12
1005	6799833398	I'm a Book: Book 17	BOOK	Library	2021-05-29
1005	6799833399	I'm a Book: Book 18	BOOK	Library	2021-06-10
1005	6799833400	I'm a Book: Book 19	BOOK	Library	2021-06-28
1005	6799833401	I'm a Book: Book 20	BOOK	Library	2021-07-17
1005	6799833402	I'm a Book: Book 1	BOOK	Library	2020-09-22
1005	6799833403	I'm a Book: Book 2	BOOK	Library	2020-10-01
1005	6799833404	I'm a Book: Book 3	BOOK	Library	2020-10-21
1005	6799833405	I'm a Book: Book 4	BOOK	Library	2020-11-02
1005	6799833406	I'm a Book: Book 5	BOOK	Library	2020-11-24
1005	6799833407	I'm a Book: Book 6	BOOK	Library	2020-12-12
1005	6799833408	I'm a Book: Book 7	BOOK	Library	2021-01-05
1005	6799833409	I'm a Book: Book 8	BOOK	Library	2021-01-28
1005	6799833410	I'm a Book: Book 9	BOOK	Library	2021-02-06
1005	6799833411	I'm a Book: Book 10	BOOK	Library	2021-02-27
1005	6799833412	I'm a Book: Book 11	BOOK	Library	2021-03-13
1005	6799833413	I'm a Book: Book 12	BOOK	Library	2021-03-29
1005	6799833414	I'm a Book: Book 13	BOOK	Library	2021-04-20
1005	6799833415	I'm a Book: Book 14	BOOK	Library	2021-05-04
1005	6799833416	I'm a Book: Book 15	BOOK	Library	2021-05-29
1005	6799833417	I'm a Book: Book 16	BOOK	Library	2021-06-16
1005	6799833418	I'm a Book: Book 17	BOOK	Library	2021-06-30
1005	6799833419	I'm a Book: Book 18	BOOK	Library	2021-07-20
1006	6799833420	I'm a Book: Book 1	BOOK	Library	2020-09-19
1006	6799833421	I'm a Book: Book 2	BOOK	Library	2020-10-13
1006	6799833422	I'm a Book: Book 3	BOOK	Library	2020-10-23
1006	6799833423	I'm a Book: Book 4	BOOK	Library	2020-11-04
1006	6799833424	I'm a Book: Book 5	BOOK	Library	2020-11-22
1006	6799833425	I'm a Book: Book 6	BOOK	Library	2020-12-16
1006	6799833426	I'm a Book: Book 7	BOOK	Library	2021-01-04
1006	6799833427	I'm a Book: Book 8	BOOK	Library	2021-01-26
1006	6799833428	I'm a Book: Book 9	BOOK	Library	2021-02-19
1006	6799833429	I'm a Book: Book 10	BOOK	Library	2021-03-04
1006	6799833430	I'm a Book: Book 11	BOOK	Library	2021-03-14
1006	6799833431	I'm a Book: Book 12	BOOK	Library	2021-03-29
1006	6799833432	I'm a Book: Book 13	BOOK	Library	2021-04-19
1006	6799833433	I'm a Book: Book 14	BOOK	Library	2021-05-06
1006	6799833434	I'm a Book: Book 15	BOOK	Library	2021-05-31
1006	6799833435	I'm a Book: Book 16	BOOK	Library	2021-06-14
1006	6799833436	I'm a Book: Book 17	BOOK	Library	2021-07-01
1006	6799833437	I'm a Book: Book 18	BOOK	Library	2021-07-25
1006	6799833438	I'm a Book: Book 1	BOOK	Library	2020-09-17
1006	6799833439	I'm a Book: Book 2	BOOK	Library	2020-09-29
1006	6799833440	I'm a Book: Book 3	BOOK	Library	2020-10-19
1006	6799833441	I'm a Book: Book 4	BOOK	Library	2020-11-07
1006	6799833442	I'm a Book: Book 5	BOOK	Library	2020-11-17
1006	6799833443	I'm a Book: Book 6	BOOK	Library	2020-12-07
1006	6799833444	I'm a Book: Book 7	BOOK	Library	2020-12-19
1006	6799833445	I'm a Book: Book 8	BOOK	Library	2021-01-08
1006	6799833446	I'm a Book: Book 9	BOOK	Library	2021-01-31
1006	6799833447	I'm a Book: Book 10	BOOK	Library	2021-02-12
1006	6799833448	I'm a Book: Book 11	BOOK	Library	2021-02-25
1006	6799833449	I'm a Book: Book 12	BOOK	Library	2021-03-09
1006	6799833450	I'm a Book: Book 13	BOOK	Library	2021-04-03
1006	6799833451	I'm a Book: Book 14	BOOK	Library	2021-04-24
1006	6799833452	I'm a Book: Book 15	BOOK	Library	2021-05-18
1006	6799833453	I'm a Book: Book 16	BOOK	Library	2021-05-31
1006	6799833454	I'm a Book: Book 17	BOOK	Library	2021-06-23
1006	6799833455	I'm a Book: Book 18	BOOK	Library	2021-07-14
1006	6799833456	I'm a Book: Book 19	BOOK	Library	2021-07-28
1007	6799833457	I'm a Book: Book 1	BOOK	Library	2020-09-16
1007	6799833458	I'm a Book: Book 2	BOOK	Library	2020-10-09
1007	6799833459	I'm a Book: Book 3	BOOK	Library	2020-10-18
1007	6799833460	I'm a Book: Book 4	BOOK	Library	2020-10-26
1007	6799833461	I'm a Book: Book 5	BOOK	Library	2020-11-20
1007	6799833462	I'm a Book: Book 6	BOOK	Library	2020-12-12
1007	6799833463	I'm a Book: Book 7	BOOK	Library	2020-12-26
1007	6799833464	I'm a Book: Book 8	BOOK	Library	2021-01-14
1007	6799833465	I'm a Book: Book 9	BOOK	Library	2021-02-02
1007	6799833466	I'm a Book: Book 10	BOOK	Library	2021-02-23
1007	6799833467	I'm a Book: Book 11	BOOK	Library	2021-03-03
1007	6799833468	I'm a Book: Book 12	BOOK	Library	2021-03-21
1007	6799833469	I'm a Book: Book 13	BOOK	Library	2021-03-30
1007	6799833470	I'm a Book: Book 14	BOOK	Library	2021-04-14
1007	6799833471	I'm a Book: Book 15	BOOK	Library	2021-04-26
1007	6799833472	I'm a Book: Book 16	BOOK	Library	2021-05-18
1007	6799833473	I'm a Book: Book 17	BOOK	Library	2021-06-08
1007	6799833474	I'm a Book: Book 18	BOOK	Library	2021-06-23
1007	6799833475	I'm a Book: Book 19	BOOK	Library	2021-07-16
1007	6799833476	I'm a Book: Book 1	BOOK	Library	2020-09-11
1007	6799833477	I'm a Book: Book 2	BOOK	Library	2020-09-25
1007	6799833478	I'm a Book: Book 3	BOOK	Library	2020-10-17
1007	6799833479	I'm a Book: Book 4	BOOK	Library	2020-11-01
1007	6799833480	I'm a Book: Book 5	BOOK	Library	2020-11-22
1007	6799833481	I'm a Book: Book 6	BOOK	Library	2020-12-15
1007	6799833482	I'm a Book: Book 7	BOOK	Library	2021-01-02
1007	6799833483	I'm a Book: Book 8	BOOK	Library	2021-01-22
1007	6799833484	I'm a Book: Book 9	BOOK	Library	2021-02-03
1007	6799833485	I'm a Book: Book 10	BOOK	Library	2021-02-13
1007	6799833486	I'm a Book: Book 11	BOOK	Library	2021-02-23
1007	6799833487	I'm a Book: Book 12	BOOK	Library	2021-03-17
1007	6799833488	I'm a Book: Book 13	BOOK	Library	2021-03-27
1007	6799833489	I'm a Book: Book 14	BOOK	Library	2021-04-08
1007	6799833490	I'm a Book: Book 15	BOOK	Library	2021-04-24
1007	6799833491	I'm a Book: Book 16	BOOK	Library	2021-05-16
1007	6799833492	I'm a Book: Book 17	BOOK	Library	2021-06-08
1007	6799833493	I'm a Book: Book 18	BOOK	Library	2021-06-19
1007	6799833494	I'm a Book: Book 19	BOOK	Library	2021-07-10
1007	6799833495	I'm a Book: Book 20	BOOK	Library	2021-07-24
1008	6799833496	I'm a Book: Book 1	BOOK	Library	2020-09-14
1008	6799833497	I'm a Book: Book 2	BOOK	Library	2020-10-05
1008	6799833498	I'm a Book: Book 3	BOOK	Library	2020-10-25
1008	6799833499	I'm a Book: Book 4	BOOK	Library	2020-11-14
1008	6799833500	I'm a Book: Book 5	BOOK	Library	2020-12-03
1008	6799833501	I'm a Book: Book 6	BOOK	Library	2020-12-19
1008	6799833502	I'm a Book: Book 7	BOOK	Library	2021-01-11
1008	6799833503	I'm a Book: Book 8	BOOK	Library	2021-01-24
1008	6799833504	I'm a Book: Book 9	BOOK	Library	2021-02-11
1008	6799833505	I'm a Book: Book 10	BOOK	Library	2021-02-22
1008	6799833506	I'm a Book: Book 11	BOOK	Library	2021-03-12
1008	6799833507	I'm a Book: Book 12	BOOK	Library	2021-03-28
1008	6799833508	I'm a Book: Book 13	BOOK	Library	2021-04-20
1008	6799833509	I'm a Book: Book 14	BOOK	Library	2021-04-30
1008	6799833510	I'm a Book: Book 15	BOOK	Library	2021-05-14
1008	6799833511	I'm a Book: Book 16	BOOK	Library	2021-06-05
1008	6799833512	I'm a Book: Book 17	BOOK	Library	2021-06-19
1008	6799833513	I'm a Book: Book 18	BOOK	Library	2021-07-05
1008	6799833514	I'm a Book: Book 19	BOOK	Library	2021-07-24
1008	6799833515	I'm a Book: Book 1	BOOK	Library	2020-09-08
1008	6799833516	I'm a Book: Book 2	BOOK	Library	2020-09-15
1008	6799833517	I'm a Book: Book 3	BOOK	Library	2020-09-29
1008	6799833518	I'm a Book: Book 4	BOOK	Library	2020-10-05
1008	6799833519	I'm a Book: Book 5	BOOK	Library	2020-10-14
1008	6799833520	I'm a Book: Book 6	BOOK	Library	2020-10-23
1008	6799833521	I'm a Book: Book 7	BOOK	Library	2020-10-28
1008	6799833522	I'm a Book: Book 8	BOOK	Library	2020-11-10
1008	6799833523	I'm a Book: Book 9	BOOK	Library	2020-11-21
1008	6799833524	I'm a Book: Book 10	BOOK	Library	2020-11-30
1008	6799833525	I'm a Book: Book 11	BOOK	Library	2020-12-07
1008	6799833526	I'm a Book: Book 12	BOOK	Library	2020-12-23
1008	6799833527	I'm a Book: Book 13	BOOK	Library	2021-01-06
1008	6799833528	I'm a Book: Book 14	BOOK	Library	2021-01-17
1008	6799833529	I'm a Book: Book 15	BOOK	Library	2021-01-26
1008	6799833530	I'm a Book: Book 16	BOOK	Library	2021-02-12
1008	6799833531	I'm a Book: Book 17	BOOK	Library	2021-02-25
1008	6799833532	I'm a Book: Book 18	BOOK	Library	2021-03-10
1008	6799833533	I'm a Book: Book 19	BOOK	Library	2021-03-20
1008	6799833534	I'm a Book: Book 20	BOOK	Library	2021-04-02
1008	6799833535	I'm a Book: Book 21	BOOK	Library	2021-04-10
1008	6799833536	I'm a Book: Book 22	BOOK	Library	2021-04-25
1008	6799833537	I'm a Book: Book 23	BOOK	Library	2021-05-08
1008	6799833538	I'm a Book: Book 24	BOOK	Library	2021-05-22
1008	6799833539	I'm a Book: Book 25	BOOK	Library	2021-06-03
1008	6799833540	I'm a Book: Book 26	BOOK	Library	2021-06-18
1008	6799833541	I'm a Book: Book 27	BOOK	Library	2021-07-05
1008	6799833542	I'm a Book: Book 28	BOOK	Library	2021-07-17
1008	6799833543	I'm a Book: Book 29	BOOK	Library	2021-07-26
1009	6799833544	I'm a Book: Book 1	BOOK	Library	2020-09-16
1009	6799833545	I'm a Book: Book 2	BOOK	Library	2020-10-09
1009	6799833546	I'm a Book: Book 3	BOOK	Library	2020-10-19
1009	6799833547	I'm a Book: Book 4	BOOK	Library	2020-11-11
1009	6799833548	I'm a Book: Book 5	BOOK	Library	2020-11-23
1009	6799833549	I'm a Book: Book 6	BOOK	Library	2020-12-06
1009	6799833550	I'm a Book: Book 7	BOOK	Library	2020-12-29
1009	6799833551	I'm a Book: Book 8	BOOK	Library	2021-01-20
1009	6799833552	I'm a Book: Book 9	BOOK	Library	2021-02-14
1009	6799833553	I'm a Book: Book 10	BOOK	Library	2021-02-25
1009	6799833554	I'm a Book: Book 11	BOOK	Library	2021-03-15
1009	6799833555	I'm a Book: Book 12	BOOK	Library	2021-04-07
1009	6799833556	I'm a Book: Book 13	BOOK	Library	2021-04-26
1009	6799833557	I'm a Book: Book 14	BOOK	Library	2021-05-10
1009	6799833558	I'm a Book: Book 15	BOOK	Library	2021-06-03
1009	6799833559	I'm a Book: Book 16	BOOK	Library	2021-06-14
1009	6799833560	I'm a Book: Book 17	BOOK	Library	2021-07-03
1009	6799833561	I'm a Book: Book 18	BOOK	Library	2021-07-20
1009	6799833562	I'm a Book: Book 1	BOOK	Library	2020-09-16
1009	6799833563	I'm a Book: Book 2	BOOK	Library	2020-10-09
1009	6799833564	I'm a Book: Book 3	BOOK	Library	2020-10-29
1009	6799833565	I'm a Book: Book 4	BOOK	Library	2020-11-19
1009	6799833566	I'm a Book: Book 5	BOOK	Library	2020-12-02
1009	6799833567	I'm a Book: Book 6	BOOK	Library	2020-12-17
1009	6799833568	I'm a Book: Book 7	BOOK	Library	2021-01-09
1009	6799833569	I'm a Book: Book 8	BOOK	Library	2021-01-23
1009	6799833570	I'm a Book: Book 9	BOOK	Library	2021-02-14
1009	6799833571	I'm a Book: Book 10	BOOK	Library	2021-02-28
1009	6799833572	I'm a Book: Book 11	BOOK	Library	2021-03-18
1009	6799833573	I'm a Book: Book 12	BOOK	Library	2021-04-09
1009	6799833574	I'm a Book: Book 13	BOOK	Library	2021-04-23
1009	6799833575	I'm a Book: Book 14	BOOK	Library	2021-05-16
1009	6799833576	I'm a Book: Book 15	BOOK	Library	2021-06-04
1009	6799833577	I'm a Book: Book 16	BOOK	Library	2021-06-14
1009	6799833578	I'm a Book: Book 17	BOOK	Library	2021-07-02
1009	6799833579	I'm a Book: Book 18	BOOK	Library	2021-07-25
1010	6799833580	I'm a Book: Book 1	BOOK	Library	2020-09-14
1010	6799833581	I'm a Book: Book 2	BOOK	Library	2020-10-02
1010	6799833582	I'm a Book: Book 3	BOOK	Library	2020-10-14
1010	6799833583	I'm a Book: Book 4	BOOK	Library	2020-10-27
1010	6799833584	I'm a Book: Book 5	BOOK	Library	2020-11-07
1010	6799833585	I'm a Book: Book 6	BOOK	Library	2020-11-17
1010	6799833586	I'm a Book: Book 7	BOOK	Library	2020-12-02
1010	6799833587	I'm a Book: Book 8	BOOK	Library	2020-12-19
1010	6799833588	I'm a Book: Book 9	BOOK	Library	2020-12-30
1010	6799833589	I'm a Book: Book 10	BOOK	Library	2021-01-09
1010	6799833590	I'm a Book: Book 11	BOOK	Library	2021-01-23
1010	6799833591	I'm a Book: Book 12	BOOK	Library	2021-02-07
1010	6799833592	I'm a Book: Book 13	BOOK	Library	2021-02-18
1010	6799833593	I'm a Book: Book 14	BOOK	Library	2021-03-04
1010	6799833594	I'm a Book: Book 15	BOOK	Library	2021-03-12
1010	6799833595	I'm a Book: Book 16	BOOK	Library	2021-03-17
1010	6799833596	I'm a Book: Book 17	BOOK	Library	2021-03-31
1010	6799833597	I'm a Book: Book 18	BOOK	Library	2021-04-05
1010	6799833598	I'm a Book: Book 19	BOOK	Library	2021-04-13
1010	6799833599	I'm a Book: Book 20	BOOK	Library	2021-05-03
1010	6799833600	I'm a Book: Book 21	BOOK	Library	2021-05-09
1010	6799833601	I'm a Book: Book 22	BOOK	Library	2021-05-21
1010	6799833602	I'm a Book: Book 23	BOOK	Library	2021-06-07
1010	6799833603	I'm a Book: Book 24	BOOK	Library	2021-06-18
1010	6799833604	I'm a Book: Book 25	BOOK	Library	2021-06-26
1010	6799833605	I'm a Book: Book 26	BOOK	Library	2021-07-15
1010	6799833606	I'm a Book: Book 27	BOOK	Library	2021-07-23
1010	6799833607	I'm a Book: Book 28	BOOK	Library	2021-07-28
1010	6799833608	I'm a Book: Book 1	BOOK	Library	2020-09-24
1010	6799833609	I'm a Book: Book 2	BOOK	Library	2020-10-16
1010	6799833610	I'm a Book: Book 3	BOOK	Library	2020-11-07
1010	6799833611	I'm a Book: Book 4	BOOK	Library	2020-11-30
1010	6799833612	I'm a Book: Book 5	BOOK	Library	2020-12-13
1010	6799833613	I'm a Book: Book 6	BOOK	Library	2020-12-25
1010	6799833614	I'm a Book: Book 7	BOOK	Library	2021-01-11
1010	6799833615	I'm a Book: Book 8	BOOK	Library	2021-01-28
1010	6799833616	I'm a Book: Book 9	BOOK	Library	2021-02-08
1010	6799833617	I'm a Book: Book 10	BOOK	Library	2021-02-19
1010	6799833618	I'm a Book: Book 11	BOOK	Library	2021-03-13
1010	6799833619	I'm a Book: Book 12	BOOK	Library	2021-03-26
1010	6799833620	I'm a Book: Book 13	BOOK	Library	2021-04-07
1010	6799833621	I'm a Book: Book 14	BOOK	Library	2021-04-22
1010	6799833622	I'm a Book: Book 15	BOOK	Library	2021-05-15
1010	6799833623	I'm a Book: Book 16	BOOK	Library	2021-05-26
1010	6799833624	I'm a Book: Book 17	BOOK	Library	2021-06-09
1010	6799833625	I'm a Book: Book 18	BOOK	Library	2021-06-25
1010	6799833626	I'm a Book: Book 19	BOOK	Library	2021-07-16
1010	6799833627	I'm a Book: Book 20	BOOK	Library	2021-07-31
1011	6799833628	I'm a Book: Book 1	BOOK	Library	2020-09-20
1011	6799833629	I'm a Book: Book 2	BOOK	Library	2020-10-06
1011	6799833630	I'm a Book: Book 3	BOOK	Library	2020-10-22
1011	6799833631	I'm a Book: Book 4	BOOK	Library	2020-11-14
1011	6799833632	I'm a Book: Book 5	BOOK	Library	2020-12-04
1011	6799833633	I'm a Book: Book 6	BOOK	Library	2020-12-19
1011	6799833634	I'm a Book: Book 7	BOOK	Library	2021-01-02
1011	6799833635	I'm a Book: Book 8	BOOK	Library	2021-01-12
1011	6799833636	I'm a Book: Book 9	BOOK	Library	2021-02-04
1011	6799833637	I'm a Book: Book 10	BOOK	Library	2021-02-27
1011	6799833638	I'm a Book: Book 11	BOOK	Library	2021-03-17
1011	6799833639	I'm a Book: Book 12	BOOK	Library	2021-04-01
1011	6799833640	I'm a Book: Book 13	BOOK	Library	2021-04-17
1011	6799833641	I'm a Book: Book 14	BOOK	Library	2021-05-01
1011	6799833642	I'm a Book: Book 15	BOOK	Library	2021-05-24
1011	6799833643	I'm a Book: Book 16	BOOK	Library	2021-06-13
1011	6799833644	I'm a Book: Book 17	BOOK	Library	2021-06-29
1011	6799833645	I'm a Book: Book 18	BOOK	Library	2021-07-13
1011	6799833646	I'm a Book: Book 1	BOOK	Library	2020-09-22
1011	6799833647	I'm a Book: Book 2	BOOK	Library	2020-10-04
1011	6799833648	I'm a Book: Book 3	BOOK	Library	2020-10-28
1011	6799833649	I'm a Book: Book 4	BOOK	Library	2020-11-15
1011	6799833650	I'm a Book: Book 5	BOOK	Library	2020-12-01
1011	6799833651	I'm a Book: Book 6	BOOK	Library	2020-12-14
1011	6799833652	I'm a Book: Book 7	BOOK	Library	2021-01-01
1011	6799833653	I'm a Book: Book 8	BOOK	Library	2021-01-18
1011	6799833654	I'm a Book: Book 9	BOOK	Library	2021-02-01
1011	6799833655	I'm a Book: Book 10	BOOK	Library	2021-02-15
1011	6799833656	I'm a Book: Book 11	BOOK	Library	2021-02-25
1011	6799833657	I'm a Book: Book 12	BOOK	Library	2021-03-18
1011	6799833658	I'm a Book: Book 13	BOOK	Library	2021-04-11
1011	6799833659	I'm a Book: Book 14	BOOK	Library	2021-04-29
1011	6799833660	I'm a Book: Book 15	BOOK	Library	2021-05-22
1011	6799833661	I'm a Book: Book 16	BOOK	Library	2021-06-03
1011	6799833662	I'm a Book: Book 17	BOOK	Library	2021-06-14
1011	6799833663	I'm a Book: Book 18	BOOK	Library	2021-06-30
1011	6799833664	I'm a Book: Book 19	BOOK	Library	2021-07-21
1012	6799833665	I'm a Book: Book 1	BOOK	Library	2020-09-18
1012	6799833666	I'm a Book: Book 2	BOOK	Library	2020-10-12
1012	6799833667	I'm a Book: Book 3	BOOK	Library	2020-10-23
1012	6799833668	I'm a Book: Book 4	BOOK	Library	2020-11-02
1012	6799833669	I'm a Book: Book 5	BOOK	Library	2020-11-14
1012	6799833670	I'm a Book: Book 6	BOOK	Library	2020-12-01
1012	6799833671	I'm a Book: Book 7	BOOK	Library	2020-12-12
1012	6799833672	I'm a Book: Book 8	BOOK	Library	2020-12-23
1012	6799833673	I'm a Book: Book 9	BOOK	Library	2021-01-13
1012	6799833674	I'm a Book: Book 10	BOOK	Library	2021-02-04
1012	6799833675	I'm a Book: Book 11	BOOK	Library	2021-02-29
1012	6799833676	I'm a Book: Book 12	BOOK	Library	2021-03-21
1012	6799833677	I'm a Book: Book 13	BOOK	Library	2021-04-11
1012	6799833678	I'm a Book: Book 14	BOOK	Library	2021-04-24
1012	6799833679	I'm a Book: Book 15	BOOK	Library	2021-05-19
1012	6799833680	I'm a Book: Book 16	BOOK	Library	2021-06-13
1012	6799833681	I'm a Book: Book 17	BOOK	Library	2021-06-25
1012	6799833682	I'm a Book: Book 18	BOOK	Library	2021-07-16
1012	6799833683	I'm a Book: Book 1	BOOK	Library	2020-09-21
1012	6799833684	I'm a Book: Book 2	BOOK	Library	2020-10-12
1012	6799833685	I'm a Book: Book 3	BOOK	Library	2020-10-27
1012	6799833686	I'm a Book: Book 4	BOOK	Library	2020-11-17
1012	6799833687	I'm a Book: Book 5	BOOK	Library	2020-11-29
1012	6799833688	I'm a Book: Book 6	BOOK	Library	2020-12-22
1012	6799833689	I'm a Book: Book 7	BOOK	Library	2021-01-07
1012	6799833690	I'm a Book: Book 8	BOOK	Library	2021-01-20
1012	6799833691	I'm a Book: Book 9	BOOK	Library	2021-02-03
1012	6799833692	I'm a Book: Book 10	BOOK	Library	2021-02-14
1012	6799833693	I'm a Book: Book 11	BOOK	Library	2021-03-04
1012	6799833694	I'm a Book: Book 12	BOOK	Library	2021-03-15
1012	6799833695	I'm a Book: Book 13	BOOK	Library	2021-03-30
1012	6799833696	I'm a Book: Book 14	BOOK	Library	2021-04-11
1012	6799833697	I'm a Book: Book 15	BOOK	Library	2021-04-27
1012	6799833698	I'm a Book: Book 16	BOOK	Library	2021-05-19
1012	6799833699	I'm a Book: Book 17	BOOK	Library	2021-06-09
1012	6799833700	I'm a Book: Book 18	BOOK	Library	2021-06-27
1012	6799833701	I'm a Book: Book 19	BOOK	Library	2021-07-16
1013	6799833702	I'm a Book: Book 1	BOOK	Library	2020-10-07
1013	6799833703	I'm a Book: Book 2	BOOK	Library	2020-11-13
1013	6799833704	I'm a Book: Book 3	BOOK	Library	2020-12-18
1013	6799833705	I'm a Book: Book 4	BOOK	Library	2021-01-27
1013	6799833706	I'm a Book: Book 5	BOOK	Library	2021-03-07
1013	6799833707	I'm a Book: Book 6	BOOK	Library	2021-04-25
1013	6799833708	I'm a Book: Book 7	BOOK	Library	2021-05-29
1013	6799833709	I'm a Book: Book 8	BOOK	Library	2021-07-14
1013	6799833710	I'm a Book: Book 1	BOOK	Library	2020-09-25
1013	6799833711	I'm a Book: Book 2	BOOK	Library	2020-10-19
1013	6799833712	I'm a Book: Book 3	BOOK	Library	2020-11-13
1013	6799833713	I'm a Book: Book 4	BOOK	Library	2020-12-02
1013	6799833714	I'm a Book: Book 5	BOOK	Library	2020-12-21
1013	6799833715	I'm a Book: Book 6	BOOK	Library	2021-01-05
1013	6799833716	I'm a Book: Book 7	BOOK	Library	2021-01-22
1013	6799833717	I'm a Book: Book 8	BOOK	Library	2021-02-04
1013	6799833718	I'm a Book: Book 9	BOOK	Library	2021-02-27
1013	6799833719	I'm a Book: Book 10	BOOK	Library	2021-03-20
1013	6799833720	I'm a Book: Book 11	BOOK	Library	2021-04-14
1013	6799833721	I'm a Book: Book 12	BOOK	Library	2021-05-04
1013	6799833722	I'm a Book: Book 13	BOOK	Library	2021-05-26
1013	6799833723	I'm a Book: Book 14	BOOK	Library	2021-06-14
1013	6799833724	I'm a Book: Book 15	BOOK	Library	2021-07-05
1013	6799833725	I'm a Book: Book 16	BOOK	Library	2021-07-15
1013	6799833726	I'm a Book: Book 17	BOOK	Library	2021-07-29
1014	6799833727	I'm a Book: Book 1	BOOK	Library	2020-09-23
1014	6799833728	I'm a Book: Book 2	BOOK	Library	2020-10-13
1014	6799833729	I'm a Book: Book 3	BOOK	Library	2020-11-04
1014	6799833730	I'm a Book: Book 4	BOOK	Library	2020-11-24
1014	6799833731	I'm a Book: Book 5	BOOK	Library	2020-12-10
1014	6799833732	I'm a Book: Book 6	BOOK	Library	2020-12-25
1014	6799833733	I'm a Book: Book 7	BOOK	Library	2021-01-12
1014	6799833734	I'm a Book: Book 8	BOOK	Library	2021-01-22
1014	6799833735	I'm a Book: Book 9	BOOK	Library	2021-02-07
1014	6799833736	I'm a Book: Book 10	BOOK	Library	2021-03-01
1014	6799833737	I'm a Book: Book 11	BOOK	Library	2021-03-18
1014	6799833738	I'm a Book: Book 12	BOOK	Library	2021-03-29
1014	6799833739	I'm a Book: Book 13	BOOK	Library	2021-04-18
1014	6799833740	I'm a Book: Book 14	BOOK	Library	2021-05-11
1014	6799833741	I'm a Book: Book 15	BOOK	Library	2021-06-03
1014	6799833742	I'm a Book: Book 16	BOOK	Library	2021-06-16
1014	6799833743	I'm a Book: Book 17	BOOK	Library	2021-07-06
1014	6799833744	I'm a Book: Book 18	BOOK	Library	2021-07-21
1014	6799833745	I'm a Book: Book 1	BOOK	Library	2020-09-26
1014	6799833746	I'm a Book: Book 2	BOOK	Library	2020-10-19
1014	6799833747	I'm a Book: Book 3	BOOK	Library	2020-11-12
1014	6799833748	I'm a Book: Book 4	BOOK	Library	2020-12-02
1014	6799833749	I'm a Book: Book 5	BOOK	Library	2020-12-21
1014	6799833750	I'm a Book: Book 6	BOOK	Library	2021-01-09
1014	6799833751	I'm a Book: Book 7	BOOK	Library	2021-01-28
1014	6799833752	I'm a Book: Book 8	BOOK	Library	2021-02-10
1014	6799833753	I'm a Book: Book 9	BOOK	Library	2021-02-27
1014	6799833754	I'm a Book: Book 10	BOOK	Library	2021-03-21
1014	6799833755	I'm a Book: Book 11	BOOK	Library	2021-04-06
1014	6799833756	I'm a Book: Book 12	BOOK	Library	2021-04-16
1014	6799833757	I'm a Book: Book 13	BOOK	Library	2021-04-27
1014	6799833758	I'm a Book: Book 14	BOOK	Library	2021-05-16
1014	6799833759	I'm a Book: Book 15	BOOK	Library	2021-05-28
1014	6799833760	I'm a Book: Book 16	BOOK	Library	2021-06-20
1014	6799833761	I'm a Book: Book 17	BOOK	Library	2021-07-11
1014	6799833762	I'm a Book: Book 18	BOOK	Library	2021-07-31
1015	6799833763	I'm a Book: Book 1	BOOK	Library	2020-09-23
1015	6799833764	I'm a Book: Book 2	BOOK	Library	2020-10-09
1015	6799833765	I'm a Book: Book 3	BOOK	Library	2020-10-26
1015	6799833766	I'm a Book: Book 4	BOOK	Library	2020-11-12
1015	6799833767	I'm a Book: Book 5	BOOK	Library	2020-12-11
1015	6799833768	I'm a Book: Book 6	BOOK	Library	2021-01-10
1015	6799833769	I'm a Book: Book 7	BOOK	Library	2021-02-11
1015	6799833770	I'm a Book: Book 8	BOOK	Library	2021-02-29
1015	6799833771	I'm a Book: Book 9	BOOK	Library	2021-04-02
1015	6799833772	I'm a Book: Book 10	BOOK	Library	2021-04-18
1015	6799833773	I'm a Book: Book 11	BOOK	Library	2021-05-06
1015	6799833774	I'm a Book: Book 12	BOOK	Library	2021-05-26
1015	6799833775	I'm a Book: Book 13	BOOK	Library	2021-06-16
1015	6799833776	I'm a Book: Book 14	BOOK	Library	2021-07-05
1015	6799833777	I'm a Book: Book 15	BOOK	Library	2021-07-30
1015	6799833778	I'm a Book: Book 1	BOOK	Library	2020-11-01
1015	6799833779	I'm a Book: Book 2	BOOK	Library	2020-12-10
1015	6799833780	I'm a Book: Book 3	BOOK	Library	2021-02-06
1015	6799833781	I'm a Book: Book 4	BOOK	Library	2021-03-18
1015	6799833782	I'm a Book: Book 5	BOOK	Library	2021-05-09
1015	6799833783	I'm a Book: Book 6	BOOK	Library	2021-06-26
1016	6799833784	I'm a Book: Book 1	BOOK	Library	2020-09-12
1016	6799833785	I'm a Book: Book 2	BOOK	Library	2020-09-25
1016	6799833786	I'm a Book: Book 3	BOOK	Library	2020-10-05
1016	6799833787	I'm a Book: Book 4	BOOK	Library	2020-10-19
1016	6799833788	I'm a Book: Book 5	BOOK	Library	2020-11-12
1016	6799833789	I'm a Book: Book 6	BOOK	Library	2020-11-22
1016	6799833790	I'm a Book: Book 7	BOOK	Library	2020-12-17
1016	6799833791	I'm a Book: Book 8	BOOK	Library	2021-01-07
1016	6799833792	I'm a Book: Book 9	BOOK	Library	2021-02-01
1016	6799833793	I'm a Book: Book 10	BOOK	Library	2021-02-13
1016	6799833794	I'm a Book: Book 11	BOOK	Library	2021-03-03
1016	6799833795	I'm a Book: Book 12	BOOK	Library	2021-03-27
1016	6799833796	I'm a Book: Book 13	BOOK	Library	2021-04-05
1016	6799833797	I'm a Book: Book 14	BOOK	Library	2021-04-29
1016	6799833798	I'm a Book: Book 15	BOOK	Library	2021-05-13
1016	6799833799	I'm a Book: Book 16	BOOK	Library	2021-05-23
1016	6799833800	I'm a Book: Book 17	BOOK	Library	2021-06-14
1016	6799833801	I'm a Book: Book 18	BOOK	Library	2021-06-30
1016	6799833802	I'm a Book: Book 19	BOOK	Library	2021-07-20
1016	6799833803	I'm a Book: Book 1	BOOK	Library	2020-09-19
1016	6799833804	I'm a Book: Book 2	BOOK	Library	2020-10-07
1016	6799833805	I'm a Book: Book 3	BOOK	Library	2020-10-28
1016	6799833806	I'm a Book: Book 4	BOOK	Library	2020-11-15
1016	6799833807	I'm a Book: Book 5	BOOK	Library	2020-11-27
1016	6799833808	I'm a Book: Book 6	BOOK	Library	2020-12-13
1016	6799833809	I'm a Book: Book 7	BOOK	Library	2020-12-28
1016	6799833810	I'm a Book: Book 8	BOOK	Library	2021-01-10
1016	6799833811	I'm a Book: Book 9	BOOK	Library	2021-01-22
1016	6799833812	I'm a Book: Book 10	BOOK	Library	2021-02-04
1016	6799833813	I'm a Book: Book 11	BOOK	Library	2021-02-14
1016	6799833814	I'm a Book: Book 12	BOOK	Library	2021-03-06
1016	6799833815	I'm a Book: Book 13	BOOK	Library	2021-03-15
1016	6799833816	I'm a Book: Book 14	BOOK	Library	2021-03-31
1016	6799833817	I'm a Book: Book 15	BOOK	Library	2021-04-13
1016	6799833818	I'm a Book: Book 16	BOOK	Library	2021-05-06
1016	6799833819	I'm a Book: Book 17	BOOK	Library	2021-05-21
1016	6799833820	I'm a Book: Book 18	BOOK	Library	2021-06-10
1016	6799833821	I'm a Book: Book 19	BOOK	Library	2021-06-23
1016	6799833822	I'm a Book: Book 20	BOOK	Library	2021-07-09
1016	6799833823	I'm a Book: Book 21	BOOK	Library	2021-07-26
1017	6799833824	I'm a Book: Book 1	BOOK	Library	2020-09-13
1017	6799833825	I'm a Book: Book 2	BOOK	Library	2020-10-05
1017	6799833826	I'm a Book: Book 3	BOOK	Library	2020-10-25
1017	6799833827	I'm a Book: Book 4	BOOK	Library	2020-11-16
1017	6799833828	I'm a Book: Book 5	BOOK	Library	2020-12-04
1017	6799833829	I'm a Book: Book 6	BOOK	Library	2020-12-29
1017	6799833830	I'm a Book: Book 7	BOOK	Library	2021-01-17
1017	6799833831	I'm a Book: Book 8	BOOK	Library	2021-01-23
1017	6799833832	I'm a Book: Book 9	BOOK	Library	2021-02-06
1017	6799833833	I'm a Book: Book 10	BOOK	Library	2021-02-17
1017	6799833834	I'm a Book: Book 11	BOOK	Library	2021-02-24
1017	6799833835	I'm a Book: Book 12	BOOK	Library	2021-03-02
1017	6799833836	I'm a Book: Book 13	BOOK	Library	2021-03-12
1017	6799833837	I'm a Book: Book 14	BOOK	Library	2021-03-19
1017	6799833838	I'm a Book: Book 15	BOOK	Library	2021-04-01
1017	6799833839	I'm a Book: Book 16	BOOK	Library	2021-04-07
1017	6799833840	I'm a Book: Book 17	BOOK	Library	2021-04-29
1017	6799833841	I'm a Book: Book 18	BOOK	Library	2021-05-11
1017	6799833842	I'm a Book: Book 19	BOOK	Library	2021-06-01
1017	6799833843	I'm a Book: Book 20	BOOK	Library	2021-06-11
1017	6799833844	I'm a Book: Book 21	BOOK	Library	2021-07-01
1017	6799833845	I'm a Book: Book 22	BOOK	Library	2021-07-20
1017	6799833846	I'm a Book: Book 1	BOOK	Library	2020-09-11
1017	6799833847	I'm a Book: Book 2	BOOK	Library	2020-10-05
1017	6799833848	I'm a Book: Book 3	BOOK	Library	2020-10-16
1017	6799833849	I'm a Book: Book 4	BOOK	Library	2020-10-26
1017	6799833850	I'm a Book: Book 5	BOOK	Library	2020-11-10
1017	6799833851	I'm a Book: Book 6	BOOK	Library	2020-11-24
1017	6799833852	I'm a Book: Book 7	BOOK	Library	2020-12-07
1017	6799833853	I'm a Book: Book 8	BOOK	Library	2020-12-25
1017	6799833854	I'm a Book: Book 9	BOOK	Library	2021-01-12
1017	6799833855	I'm a Book: Book 10	BOOK	Library	2021-01-23
1017	6799833856	I'm a Book: Book 11	BOOK	Library	2021-02-02
1017	6799833857	I'm a Book: Book 12	BOOK	Library	2021-02-24
1017	6799833858	I'm a Book: Book 13	BOOK	Library	2021-03-15
1017	6799833859	I'm a Book: Book 14	BOOK	Library	2021-04-05
1017	6799833860	I'm a Book: Book 15	BOOK	Library	2021-04-16
1017	6799833861	I'm a Book: Book 16	BOOK	Library	2021-04-29
1017	6799833862	I'm a Book: Book 17	BOOK	Library	2021-05-24
1017	6799833863	I'm a Book: Book 18	BOOK	Library	2021-06-12
1017	6799833864	I'm a Book: Book 19	BOOK	Library	2021-07-05
1017	6799833865	I'm a Book: Book 20	BOOK	Library	2021-07-15
1017	6799833866	I'm a Book: Book 21	BOOK	Library	2021-07-27
1018	6799833867	I'm a Book: Book 1	BOOK	Library	2020-09-22
1018	6799833868	I'm a Book: Book 2	BOOK	Library	2020-10-08
1018	6799833869	I'm a Book: Book 3	BOOK	Library	2020-10-21
1018	6799833870	I'm a Book: Book 4	BOOK	Library	2020-11-13
1018	6799833871	I'm a Book: Book 5	BOOK	Library	2020-12-06
1018	6799833872	I'm a Book: Book 6	BOOK	Library	2020-12-23
1018	6799833873	I'm a Book: Book 7	BOOK	Library	2021-01-09
1018	6799833874	I'm a Book: Book 8	BOOK	Library	2021-01-28
1018	6799833875	I'm a Book: Book 9	BOOK	Library	2021-02-18
1018	6799833876	I'm a Book: Book 10	BOOK	Library	2021-03-02
1018	6799833877	I'm a Book: Book 11	BOOK	Library	2021-03-19
1018	6799833878	I'm a Book: Book 12	BOOK	Library	2021-04-07
1018	6799833879	I'm a Book: Book 13	BOOK	Library	2021-04-28
1018	6799833880	I'm a Book: Book 14	BOOK	Library	2021-05-12
1018	6799833881	I'm a Book: Book 15	BOOK	Library	2021-05-28
1018	6799833882	I'm a Book: Book 16	BOOK	Library	2021-06-17
1018	6799833883	I'm a Book: Book 17	BOOK	Library	2021-06-29
1018	6799833884	I'm a Book: Book 18	BOOK	Library	2021-07-15
1018	6799833885	I'm a Book: Book 1	BOOK	Library	2020-09-10
1018	6799833886	I'm a Book: Book 2	BOOK	Library	2020-09-19
1018	6799833887	I'm a Book: Book 3	BOOK	Library	2020-09-30
1018	6799833888	I'm a Book: Book 4	BOOK	Library	2020-10-11
1018	6799833889	I'm a Book: Book 5	BOOK	Library	2020-10-17
1018	6799833890	I'm a Book: Book 6	BOOK	Library	2020-11-04
1018	6799833891	I'm a Book: Book 7	BOOK	Library	2020-11-17
1018	6799833892	I'm a Book: Book 8	BOOK	Library	2020-11-24
1018	6799833893	I'm a Book: Book 9	BOOK	Library	2020-12-14
1018	6799833894	I'm a Book: Book 10	BOOK	Library	2020-12-25
1018	6799833895	I'm a Book: Book 11	BOOK	Library	2021-01-13
1018	6799833896	I'm a Book: Book 12	BOOK	Library	2021-01-25
1018	6799833897	I'm a Book: Book 13	BOOK	Library	2021-02-04
1018	6799833898	I'm a Book: Book 14	BOOK	Library	2021-02-10
1018	6799833899	I'm a Book: Book 15	BOOK	Library	2021-02-21
1018	6799833900	I'm a Book: Book 16	BOOK	Library	2021-02-27
1018	6799833901	I'm a Book: Book 17	BOOK	Library	2021-03-07
1018	6799833902	I'm a Book: Book 18	BOOK	Library	2021-03-20
1018	6799833903	I'm a Book: Book 19	BOOK	Library	2021-04-08
1018	6799833904	I'm a Book: Book 20	BOOK	Library	2021-04-22
1018	6799833905	I'm a Book: Book 21	BOOK	Library	2021-05-06
1018	6799833906	I'm a Book: Book 22	BOOK	Library	2021-05-21
1018	6799833907	I'm a Book: Book 23	BOOK	Library	2021-06-04
1018	6799833908	I'm a Book: Book 24	BOOK	Library	2021-06-21
1018	6799833909	I'm a Book: Book 25	BOOK	Library	2021-07-03
1018	6799833910	I'm a Book: Book 26	BOOK	Library	2021-07-10
1018	6799833911	I'm a Book: Book 27	BOOK	Library	2021-07-24
1019	6799833912	I'm a Book: Book 1	BOOK	Library	2020-09-07
1019	6799833913	I'm a Book: Book 2	BOOK	Library	2020-09-17
1019	6799833914	I'm a Book: Book 3	BOOK	Library	2020-09-30
1019	6799833915	I'm a Book: Book 4	BOOK	Library	2020-10-06
1019	6799833916	I'm a Book: Book 5	BOOK	Library	2020-10-24
1019	6799833917	I'm a Book: Book 6	BOOK	Library	2020-11-03
1019	6799833918	I'm a Book: Book 7	BOOK	Library	2020-11-16
1019	6799833919	I'm a Book: Book 8	BOOK	Library	2020-11-30
1019	6799833920	I'm a Book: Book 9	BOOK	Library	2020-12-15
1019	6799833921	I'm a Book: Book 10	BOOK	Library	2020-12-21
1019	6799833922	I'm a Book: Book 11	BOOK	Library	2021-01-08
1019	6799833923	I'm a Book: Book 12	BOOK	Library	2021-01-18
1019	6799833924	I'm a Book: Book 13	BOOK	Library	2021-02-02
1019	6799833925	I'm a Book: Book 14	BOOK	Library	2021-02-14
1019	6799833926	I'm a Book: Book 15	BOOK	Library	2021-02-29
1019	6799833927	I'm a Book: Book 16	BOOK	Library	2021-03-17
1019	6799833928	I'm a Book: Book 17	BOOK	Library	2021-03-28
1019	6799833929	I'm a Book: Book 18	BOOK	Library	2021-04-06
1019	6799833930	I'm a Book: Book 19	BOOK	Library	2021-04-15
1019	6799833931	I'm a Book: Book 20	BOOK	Library	2021-05-03
1019	6799833932	I'm a Book: Book 21	BOOK	Library	2021-05-11
1019	6799833933	I'm a Book: Book 22	BOOK	Library	2021-05-25
1019	6799833934	I'm a Book: Book 23	BOOK	Library	2021-06-04
1019	6799833935	I'm a Book: Book 24	BOOK	Library	2021-06-15
1019	6799833936	I'm a Book: Book 25	BOOK	Library	2021-06-21
1019	6799833937	I'm a Book: Book 26	BOOK	Library	2021-07-03
1019	6799833938	I'm a Book: Book 27	BOOK	Library	2021-07-08
1019	6799833939	I'm a Book: Book 28	BOOK	Library	2021-07-26
1019	6799833940	I'm a Book: Book 1	BOOK	Library	2020-09-25
1019	6799833941	I'm a Book: Book 2	BOOK	Library	2020-10-17
1019	6799833942	I'm a Book: Book 3	BOOK	Library	2020-10-31
1019	6799833943	I'm a Book: Book 4	BOOK	Library	2020-11-12
1019	6799833944	I'm a Book: Book 5	BOOK	Library	2020-12-01
1019	6799833945	I'm a Book: Book 6	BOOK	Library	2020-12-11
1019	6799833946	I'm a Book: Book 7	BOOK	Library	2021-01-05
1019	6799833947	I'm a Book: Book 8	BOOK	Library	2021-01-28
1019	6799833948	I'm a Book: Book 9	BOOK	Library	2021-02-09
1019	6799833949	I'm a Book: Book 10	BOOK	Library	2021-02-29
1019	6799833950	I'm a Book: Book 11	BOOK	Library	2021-03-11
1019	6799833951	I'm a Book: Book 12	BOOK	Library	2021-03-29
1019	6799833952	I'm a Book: Book 13	BOOK	Library	2021-04-09
1019	6799833953	I'm a Book: Book 14	BOOK	Library	2021-04-30
1019	6799833954	I'm a Book: Book 15	BOOK	Library	2021-05-22
1019	6799833955	I'm a Book: Book 16	BOOK	Library	2021-06-05
1019	6799833956	I'm a Book: Book 17	BOOK	Library	2021-06-21
1019	6799833957	I'm a Book: Book 18	BOOK	Library	2021-07-05
1019	6799833958	I'm a Book: Book 19	BOOK	Library	2021-07-27
1020	6799833959	I'm a Book: Book 1	BOOK	Library	2020-10-20
1020	6799833960	I'm a Book: Book 2	BOOK	Library	2020-12-06
1020	6799833961	I'm a Book: Book 3	BOOK	Library	2021-01-06
1020	6799833962	I'm a Book: Book 4	BOOK	Library	2021-02-17
1020	6799833963	I'm a Book: Book 5	BOOK	Library	2021-04-04
1020	6799833964	I'm a Book: Book 6	BOOK	Library	2021-05-20
1020	6799833965	I'm a Book: Book 7	BOOK	Library	2021-06-20
1020	6799833966	I'm a Book: Book 1	BOOK	Library	2020-09-17
1020	6799833967	I'm a Book: Book 2	BOOK	Library	2020-09-27
1020	6799833968	I'm a Book: Book 3	BOOK	Library	2020-10-11
1020	6799833969	I'm a Book: Book 4	BOOK	Library	2020-10-28
1020	6799833970	I'm a Book: Book 5	BOOK	Library	2020-11-07
1020	6799833971	I'm a Book: Book 6	BOOK	Library	2020-11-22
1020	6799833972	I'm a Book: Book 7	BOOK	Library	2020-12-08
1020	6799833973	I'm a Book: Book 8	BOOK	Library	2020-12-22
1020	6799833974	I'm a Book: Book 9	BOOK	Library	2021-01-06
1020	6799833975	I'm a Book: Book 10	BOOK	Library	2021-01-23
1020	6799833976	I'm a Book: Book 11	BOOK	Library	2021-02-13
1020	6799833977	I'm a Book: Book 12	BOOK	Library	2021-03-02
1020	6799833978	I'm a Book: Book 13	BOOK	Library	2021-03-26
1020	6799833979	I'm a Book: Book 14	BOOK	Library	2021-04-14
1020	6799833980	I'm a Book: Book 15	BOOK	Library	2021-05-04
1020	6799833981	I'm a Book: Book 16	BOOK	Library	2021-05-27
1020	6799833982	I'm a Book: Book 17	BOOK	Library	2021-06-08
1020	6799833983	I'm a Book: Book 18	BOOK	Library	2021-06-23
1020	6799833984	I'm a Book: Book 19	BOOK	Library	2021-07-11
1021	6799833985	I'm a Book: Book 1	BOOK	Library	2020-09-21
1021	6799833986	I'm a Book: Book 2	BOOK	Library	2020-10-05
1021	6799833987	I'm a Book: Book 3	BOOK	Library	2020-10-27
1021	6799833988	I'm a Book: Book 4	BOOK	Library	2020-11-06
1021	6799833989	I'm a Book: Book 5	BOOK	Library	2020-11-17
1021	6799833990	I'm a Book: Book 6	BOOK	Library	2020-11-27
1021	6799833991	I'm a Book: Book 7	BOOK	Library	2020-12-16
1021	6799833992	I'm a Book: Book 8	BOOK	Library	2020-12-29
1021	6799833993	I'm a Book: Book 9	BOOK	Library	2021-01-11
1021	6799833994	I'm a Book: Book 10	BOOK	Library	2021-01-30
1021	6799833995	I'm a Book: Book 11	BOOK	Library	2021-02-18
1021	6799833996	I'm a Book: Book 12	BOOK	Library	2021-03-09
1021	6799833997	I'm a Book: Book 13	BOOK	Library	2021-03-30
1021	6799833998	I'm a Book: Book 14	BOOK	Library	2021-04-13
1021	6799833999	I'm a Book: Book 15	BOOK	Library	2021-04-27
1021	6799834000	I'm a Book: Book 16	BOOK	Library	2021-05-08
1021	6799834001	I'm a Book: Book 17	BOOK	Library	2021-05-19
1021	6799834002	I'm a Book: Book 18	BOOK	Library	2021-06-08
1021	6799834003	I'm a Book: Book 19	BOOK	Library	2021-06-26
1021	6799834004	I'm a Book: Book 20	BOOK	Library	2021-07-08
1021	6799834005	I'm a Book: Book 21	BOOK	Library	2021-07-24
1022	6799834006	I'm a Book: Book 1	BOOK	Library	2020-09-22
1022	6799834007	I'm a Book: Book 2	BOOK	Library	2020-10-12
1022	6799834008	I'm a Book: Book 3	BOOK	Library	2020-11-06
1022	6799834009	I'm a Book: Book 4	BOOK	Library	2020-11-24
1022	6799834010	I'm a Book: Book 5	BOOK	Library	2020-12-12
1022	6799834011	I'm a Book: Book 6	BOOK	Library	2020-12-26
1022	6799834012	I'm a Book: Book 7	BOOK	Library	2021-01-17
1022	6799834013	I'm a Book: Book 8	BOOK	Library	2021-02-05
1022	6799834014	I'm a Book: Book 9	BOOK	Library	2021-02-19
1022	6799834015	I'm a Book: Book 10	BOOK	Library	2021-03-11
1022	6799834016	I'm a Book: Book 11	BOOK	Library	2021-04-01
1022	6799834017	I'm a Book: Book 12	BOOK	Library	2021-04-20
1022	6799834018	I'm a Book: Book 13	BOOK	Library	2021-05-14
1022	6799834019	I'm a Book: Book 14	BOOK	Library	2021-05-25
1022	6799834020	I'm a Book: Book 15	BOOK	Library	2021-06-05
1022	6799834021	I'm a Book: Book 16	BOOK	Library	2021-06-21
1022	6799834022	I'm a Book: Book 17	BOOK	Library	2021-07-08
1022	6799834023	I'm a Book: Book 18	BOOK	Library	2021-07-26
1022	6799834024	I'm a Book: Book 1	BOOK	Library	2020-09-19
1022	6799834025	I'm a Book: Book 2	BOOK	Library	2020-10-03
1022	6799834026	I'm a Book: Book 3	BOOK	Library	2020-10-17
1022	6799834027	I'm a Book: Book 4	BOOK	Library	2020-11-09
1022	6799834028	I'm a Book: Book 5	BOOK	Library	2020-11-17
1022	6799834029	I'm a Book: Book 6	BOOK	Library	2020-12-11
1022	6799834030	I'm a Book: Book 7	BOOK	Library	2020-12-28
1022	6799834031	I'm a Book: Book 8	BOOK	Library	2021-01-21
1022	6799834032	I'm a Book: Book 9	BOOK	Library	2021-01-29
1022	6799834033	I'm a Book: Book 10	BOOK	Library	2021-02-07
1022	6799834034	I'm a Book: Book 11	BOOK	Library	2021-03-01
1022	6799834035	I'm a Book: Book 12	BOOK	Library	2021-03-13
1022	6799834036	I'm a Book: Book 13	BOOK	Library	2021-03-29
1022	6799834037	I'm a Book: Book 14	BOOK	Library	2021-04-08
1022	6799834038	I'm a Book: Book 15	BOOK	Library	2021-05-03
1022	6799834039	I'm a Book: Book 16	BOOK	Library	2021-05-14
1022	6799834040	I'm a Book: Book 17	BOOK	Library	2021-05-23
1022	6799834041	I'm a Book: Book 18	BOOK	Library	2021-06-08
1022	6799834042	I'm a Book: Book 19	BOOK	Library	2021-06-23
1022	6799834043	I'm a Book: Book 20	BOOK	Library	2021-07-11
1022	6799834044	I'm a Book: Book 21	BOOK	Library	2021-07-31
1023	6799834045	I'm a Book: Book 1	BOOK	Library	2020-09-14
1023	6799834046	I'm a Book: Book 2	BOOK	Library	2020-09-27
1023	6799834047	I'm a Book: Book 3	BOOK	Library	2020-10-07
1023	6799834048	I'm a Book: Book 4	BOOK	Library	2020-10-24
1023	6799834049	I'm a Book: Book 5	BOOK	Library	2020-11-14
1023	6799834050	I'm a Book: Book 6	BOOK	Library	2020-11-27
1023	6799834051	I'm a Book: Book 7	BOOK	Library	2020-12-15
1023	6799834052	I'm a Book: Book 8	BOOK	Library	2020-12-26
1023	6799834053	I'm a Book: Book 9	BOOK	Library	2021-01-07
1023	6799834054	I'm a Book: Book 10	BOOK	Library	2021-01-17
1023	6799834055	I'm a Book: Book 11	BOOK	Library	2021-02-08
1023	6799834056	I'm a Book: Book 12	BOOK	Library	2021-02-20
1023	6799834057	I'm a Book: Book 13	BOOK	Library	2021-03-14
1023	6799834058	I'm a Book: Book 14	BOOK	Library	2021-04-03
1023	6799834059	I'm a Book: Book 15	BOOK	Library	2021-04-18
1023	6799834060	I'm a Book: Book 16	BOOK	Library	2021-05-08
1023	6799834061	I'm a Book: Book 17	BOOK	Library	2021-05-26
1023	6799834062	I'm a Book: Book 18	BOOK	Library	2021-06-14
1023	6799834063	I'm a Book: Book 19	BOOK	Library	2021-06-26
1023	6799834064	I'm a Book: Book 20	BOOK	Library	2021-07-06
1023	6799834065	I'm a Book: Book 21	BOOK	Library	2021-07-29
1024	6799834066	I'm a Book: Book 1	BOOK	Library	2020-09-16
1024	6799834067	I'm a Book: Book 2	BOOK	Library	2020-09-26
1024	6799834068	I'm a Book: Book 3	BOOK	Library	2020-10-10
1024	6799834069	I'm a Book: Book 4	BOOK	Library	2020-11-02
1024	6799834070	I'm a Book: Book 5	BOOK	Library	2020-11-25
1024	6799834071	I'm a Book: Book 6	BOOK	Library	2020-12-13
1024	6799834072	I'm a Book: Book 7	BOOK	Library	2020-12-26
1024	6799834073	I'm a Book: Book 8	BOOK	Library	2021-01-18
1024	6799834074	I'm a Book: Book 9	BOOK	Library	2021-01-28
1024	6799834075	I'm a Book: Book 10	BOOK	Library	2021-02-07
1024	6799834076	I'm a Book: Book 11	BOOK	Library	2021-02-29
1024	6799834077	I'm a Book: Book 12	BOOK	Library	2021-03-23
1024	6799834078	I'm a Book: Book 13	BOOK	Library	2021-04-14
1024	6799834079	I'm a Book: Book 14	BOOK	Library	2021-04-29
1024	6799834080	I'm a Book: Book 15	BOOK	Library	2021-05-15
1024	6799834081	I'm a Book: Book 16	BOOK	Library	2021-05-28
1024	6799834082	I'm a Book: Book 17	BOOK	Library	2021-06-12
1024	6799834083	I'm a Book: Book 18	BOOK	Library	2021-06-26
1024	6799834084	I'm a Book: Book 19	BOOK	Library	2021-07-14
1024	6799834085	I'm a Book: Book 20	BOOK	Library	2021-07-29
1024	6799834086	I'm a Book: Book 1	BOOK	Library	2020-10-16
1024	6799834087	I'm a Book: Book 2	BOOK	Library	2020-12-23
1024	6799834088	I'm a Book: Book 3	BOOK	Library	2021-02-13
1024	6799834089	I'm a Book: Book 4	BOOK	Library	2021-04-24
1024	6799834090	I'm a Book: Book 5	BOOK	Library	2021-07-07
1025	6799834091	I'm a Book: Book 1	BOOK	Library	2020-09-19
1025	6799834092	I'm a Book: Book 2	BOOK	Library	2020-10-05
1025	6799834093	I'm a Book: Book 3	BOOK	Library	2020-10-25
1025	6799834094	I'm a Book: Book 4	BOOK	Library	2020-11-13
1025	6799834095	I'm a Book: Book 5	BOOK	Library	2020-11-29
1025	6799834096	I'm a Book: Book 6	BOOK	Library	2020-12-08
1025	6799834097	I'm a Book: Book 7	BOOK	Library	2020-12-17
1025	6799834098	I'm a Book: Book 8	BOOK	Library	2020-12-26
1025	6799834099	I'm a Book: Book 9	BOOK	Library	2021-01-12
1025	6799834100	I'm a Book: Book 10	BOOK	Library	2021-01-31
1025	6799834101	I'm a Book: Book 11	BOOK	Library	2021-02-20
1025	6799834102	I'm a Book: Book 12	BOOK	Library	2021-03-03
1025	6799834103	I'm a Book: Book 13	BOOK	Library	2021-03-16
1025	6799834104	I'm a Book: Book 14	BOOK	Library	2021-03-26
1025	6799834105	I'm a Book: Book 15	BOOK	Library	2021-04-14
1025	6799834106	I'm a Book: Book 16	BOOK	Library	2021-04-29
1025	6799834107	I'm a Book: Book 17	BOOK	Library	2021-05-09
1025	6799834108	I'm a Book: Book 18	BOOK	Library	2021-05-19
1025	6799834109	I'm a Book: Book 19	BOOK	Library	2021-05-31
1025	6799834110	I'm a Book: Book 20	BOOK	Library	2021-06-17
1025	6799834111	I'm a Book: Book 21	BOOK	Library	2021-06-25
1025	6799834112	I'm a Book: Book 22	BOOK	Library	2021-07-07
1025	6799834113	I'm a Book: Book 23	BOOK	Library	2021-07-20
1025	6799834114	I'm a Book: Book 1	BOOK	Library	2020-09-22
1025	6799834115	I'm a Book: Book 2	BOOK	Library	2020-10-12
1025	6799834116	I'm a Book: Book 3	BOOK	Library	2020-10-22
1025	6799834117	I'm a Book: Book 4	BOOK	Library	2020-11-09
1025	6799834118	I'm a Book: Book 5	BOOK	Library	2020-11-30
1025	6799834119	I'm a Book: Book 6	BOOK	Library	2020-12-14
1025	6799834120	I'm a Book: Book 7	BOOK	Library	2020-12-27
1025	6799834121	I'm a Book: Book 8	BOOK	Library	2021-01-09
1025	6799834122	I'm a Book: Book 9	BOOK	Library	2021-01-22
1025	6799834123	I'm a Book: Book 10	BOOK	Library	2021-02-11
1025	6799834124	I'm a Book: Book 11	BOOK	Library	2021-02-22
1025	6799834125	I'm a Book: Book 12	BOOK	Library	2021-03-06
1025	6799834126	I'm a Book: Book 13	BOOK	Library	2021-03-19
1025	6799834127	I'm a Book: Book 14	BOOK	Library	2021-04-01
1025	6799834128	I'm a Book: Book 15	BOOK	Library	2021-04-18
1025	6799834129	I'm a Book: Book 16	BOOK	Library	2021-05-06
1025	6799834130	I'm a Book: Book 17	BOOK	Library	2021-05-21
1025	6799834131	I'm a Book: Book 18	BOOK	Library	2021-06-11
1025	6799834132	I'm a Book: Book 19	BOOK	Library	2021-07-02
1025	6799834133	I'm a Book: Book 20	BOOK	Library	2021-07-18
1026	6799834134	I'm a Book: Book 1	BOOK	Library	2020-09-17
1026	6799834135	I'm a Book: Book 2	BOOK	Library	2020-09-27
1026	6799834136	I'm a Book: Book 3	BOOK	Library	2020-10-14
1026	6799834137	I'm a Book: Book 4	BOOK	Library	2020-11-06
1026	6799834138	I'm a Book: Book 5	BOOK	Library	2020-11-23
1026	6799834139	I'm a Book: Book 6	BOOK	Library	2020-12-15
1026	6799834140	I'm a Book: Book 7	BOOK	Library	2020-12-28
1026	6799834141	I'm a Book: Book 8	BOOK	Library	2021-01-11
1026	6799834142	I'm a Book: Book 9	BOOK	Library	2021-01-29
1026	6799834143	I'm a Book: Book 10	BOOK	Library	2021-02-14
1026	6799834144	I'm a Book: Book 11	BOOK	Library	2021-03-08
1026	6799834145	I'm a Book: Book 12	BOOK	Library	2021-03-19
1026	6799834146	I'm a Book: Book 13	BOOK	Library	2021-04-05
1026	6799834147	I'm a Book: Book 14	BOOK	Library	2021-04-22
1026	6799834148	I'm a Book: Book 15	BOOK	Library	2021-05-05
1026	6799834149	I'm a Book: Book 16	BOOK	Library	2021-05-24
1026	6799834150	I'm a Book: Book 17	BOOK	Library	2021-06-10
1026	6799834151	I'm a Book: Book 18	BOOK	Library	2021-06-28
1026	6799834152	I'm a Book: Book 19	BOOK	Library	2021-07-14
1026	6799834153	I'm a Book: Book 20	BOOK	Library	2021-07-26
1026	6799834154	I'm a Book: Book 1	BOOK	Library	2020-09-13
1026	6799834155	I'm a Book: Book 2	BOOK	Library	2020-10-02
1026	6799834156	I'm a Book: Book 3	BOOK	Library	2020-10-13
1026	6799834157	I'm a Book: Book 4	BOOK	Library	2020-10-29
1026	6799834158	I'm a Book: Book 5	BOOK	Library	2020-11-18
1026	6799834159	I'm a Book: Book 6	BOOK	Library	2020-12-09
1026	6799834160	I'm a Book: Book 7	BOOK	Library	2020-12-31
1026	6799834161	I'm a Book: Book 8	BOOK	Library	2021-01-16
1026	6799834162	I'm a Book: Book 9	BOOK	Library	2021-02-05
1026	6799834163	I'm a Book: Book 10	BOOK	Library	2021-02-23
1026	6799834164	I'm a Book: Book 11	BOOK	Library	2021-03-16
1026	6799834165	I'm a Book: Book 12	BOOK	Library	2021-04-03
1026	6799834166	I'm a Book: Book 13	BOOK	Library	2021-04-16
1026	6799834167	I'm a Book: Book 14	BOOK	Library	2021-04-30
1026	6799834168	I'm a Book: Book 15	BOOK	Library	2021-05-13
1026	6799834169	I'm a Book: Book 16	BOOK	Library	2021-05-27
1026	6799834170	I'm a Book: Book 17	BOOK	Library	2021-06-14
1026	6799834171	I'm a Book: Book 18	BOOK	Library	2021-07-05
1026	6799834172	I'm a Book: Book 19	BOOK	Library	2021-07-16
1026	6799834173	I'm a Book: Book 20	BOOK	Library	2021-07-31
1027	6799834174	I'm a Book: Book 1	BOOK	Library	2020-09-23
1027	6799834175	I'm a Book: Book 2	BOOK	Library	2020-10-07
1027	6799834176	I'm a Book: Book 3	BOOK	Library	2020-10-18
1027	6799834177	I'm a Book: Book 4	BOOK	Library	2020-10-28
1027	6799834178	I'm a Book: Book 5	BOOK	Library	2020-11-13
1027	6799834179	I'm a Book: Book 6	BOOK	Library	2020-11-24
1027	6799834180	I'm a Book: Book 7	BOOK	Library	2020-12-07
1027	6799834181	I'm a Book: Book 8	BOOK	Library	2020-12-31
1027	6799834182	I'm a Book: Book 9	BOOK	Library	2021-01-16
1027	6799834183	I'm a Book: Book 10	BOOK	Library	2021-01-26
1027	6799834184	I'm a Book: Book 11	BOOK	Library	2021-02-15
1027	6799834185	I'm a Book: Book 12	BOOK	Library	2021-02-29
1027	6799834186	I'm a Book: Book 13	BOOK	Library	2021-03-21
1027	6799834187	I'm a Book: Book 14	BOOK	Library	2021-04-12
1027	6799834188	I'm a Book: Book 15	BOOK	Library	2021-04-28
1027	6799834189	I'm a Book: Book 16	BOOK	Library	2021-05-21
1027	6799834190	I'm a Book: Book 17	BOOK	Library	2021-06-01
1027	6799834191	I'm a Book: Book 18	BOOK	Library	2021-06-21
1027	6799834192	I'm a Book: Book 19	BOOK	Library	2021-07-14
1027	6799834193	I'm a Book: Book 20	BOOK	Library	2021-07-27
1027	6799834194	I'm a Book: Book 1	BOOK	Library	2020-09-14
1027	6799834195	I'm a Book: Book 2	BOOK	Library	2020-10-01
1027	6799834196	I'm a Book: Book 3	BOOK	Library	2020-10-18
1027	6799834197	I'm a Book: Book 4	BOOK	Library	2020-11-01
1027	6799834198	I'm a Book: Book 5	BOOK	Library	2020-11-18
1027	6799834199	I'm a Book: Book 6	BOOK	Library	2020-12-08
1027	6799834200	I'm a Book: Book 7	BOOK	Library	2020-12-23
1027	6799834201	I'm a Book: Book 8	BOOK	Library	2021-01-06
1027	6799834202	I'm a Book: Book 9	BOOK	Library	2021-01-15
1027	6799834203	I'm a Book: Book 10	BOOK	Library	2021-01-25
1027	6799834204	I'm a Book: Book 11	BOOK	Library	2021-02-09
1027	6799834205	I'm a Book: Book 12	BOOK	Library	2021-02-21
1027	6799834206	I'm a Book: Book 13	BOOK	Library	2021-03-07
1027	6799834207	I'm a Book: Book 14	BOOK	Library	2021-03-15
1027	6799834208	I'm a Book: Book 15	BOOK	Library	2021-03-24
1027	6799834209	I'm a Book: Book 16	BOOK	Library	2021-04-01
1027	6799834210	I'm a Book: Book 17	BOOK	Library	2021-04-21
1027	6799834211	I'm a Book: Book 18	BOOK	Library	2021-05-10
1027	6799834212	I'm a Book: Book 19	BOOK	Library	2021-05-21
1027	6799834213	I'm a Book: Book 20	BOOK	Library	2021-06-01
1027	6799834214	I'm a Book: Book 21	BOOK	Library	2021-06-15
1027	6799834215	I'm a Book: Book 22	BOOK	Library	2021-06-30
1027	6799834216	I'm a Book: Book 23	BOOK	Library	2021-07-15
1027	6799834217	I'm a Book: Book 24	BOOK	Library	2021-07-31
1028	6799834218	I'm a Book: Book 1	BOOK	Library	2020-09-06
1028	6799834219	I'm a Book: Book 2	BOOK	Library	2020-09-14
1028	6799834220	I'm a Book: Book 3	BOOK	Library	2020-09-19
1028	6799834221	I'm a Book: Book 4	BOOK	Library	2020-09-29
1028	6799834222	I'm a Book: Book 5	BOOK	Library	2020-10-12
1028	6799834223	I'm a Book: Book 6	BOOK	Library	2020-10-29
1028	6799834224	I'm a Book: Book 7	BOOK	Library	2020-11-08
1028	6799834225	I'm a Book: Book 8	BOOK	Library	2020-11-17
1028	6799834226	I'm a Book: Book 9	BOOK	Library	2020-11-27
1028	6799834227	I'm a Book: Book 10	BOOK	Library	2020-12-17
1028	6799834228	I'm a Book: Book 11	BOOK	Library	2020-12-27
1028	6799834229	I'm a Book: Book 12	BOOK	Library	2021-01-13
1028	6799834230	I'm a Book: Book 13	BOOK	Library	2021-01-23
1028	6799834231	I'm a Book: Book 14	BOOK	Library	2021-02-08
1028	6799834232	I'm a Book: Book 15	BOOK	Library	2021-02-16
1028	6799834233	I'm a Book: Book 16	BOOK	Library	2021-02-29
1028	6799834234	I'm a Book: Book 17	BOOK	Library	2021-03-16
1028	6799834235	I'm a Book: Book 18	BOOK	Library	2021-04-01
1028	6799834236	I'm a Book: Book 19	BOOK	Library	2021-04-21
1028	6799834237	I'm a Book: Book 20	BOOK	Library	2021-05-09
1028	6799834238	I'm a Book: Book 21	BOOK	Library	2021-05-17
1028	6799834239	I'm a Book: Book 22	BOOK	Library	2021-06-03
1028	6799834240	I'm a Book: Book 23	BOOK	Library	2021-06-21
1028	6799834241	I'm a Book: Book 24	BOOK	Library	2021-06-26
1028	6799834242	I'm a Book: Book 25	BOOK	Library	2021-07-06
1028	6799834243	I'm a Book: Book 26	BOOK	Library	2021-07-17
1028	6799834244	I'm a Book: Book 27	BOOK	Library	2021-07-26
1028	6799834245	I'm a Book: Book 1	BOOK	Library	2020-09-23
1028	6799834246	I'm a Book: Book 2	BOOK	Library	2020-10-16
1028	6799834247	I'm a Book: Book 3	BOOK	Library	2020-10-28
1028	6799834248	I'm a Book: Book 4	BOOK	Library	2020-11-11
1028	6799834249	I'm a Book: Book 5	BOOK	Library	2020-11-30
1028	6799834250	I'm a Book: Book 6	BOOK	Library	2020-12-22
1028	6799834251	I'm a Book: Book 7	BOOK	Library	2021-01-04
1028	6799834252	I'm a Book: Book 8	BOOK	Library	2021-01-27
1028	6799834253	I'm a Book: Book 9	BOOK	Library	2021-02-13
1028	6799834254	I'm a Book: Book 10	BOOK	Library	2021-03-02
1028	6799834255	I'm a Book: Book 11	BOOK	Library	2021-03-15
1028	6799834256	I'm a Book: Book 12	BOOK	Library	2021-04-06
1028	6799834257	I'm a Book: Book 13	BOOK	Library	2021-05-01
1028	6799834258	I'm a Book: Book 14	BOOK	Library	2021-05-16
1028	6799834259	I'm a Book: Book 15	BOOK	Library	2021-06-08
1028	6799834260	I'm a Book: Book 16	BOOK	Library	2021-06-19
1028	6799834261	I'm a Book: Book 17	BOOK	Library	2021-07-07
1028	6799834262	I'm a Book: Book 18	BOOK	Library	2021-07-25
1029	6799834263	I'm a Book: Book 1	BOOK	Library	2020-09-21
1029	6799834264	I'm a Book: Book 2	BOOK	Library	2020-10-01
1029	6799834265	I'm a Book: Book 3	BOOK	Library	2020-10-20
1029	6799834266	I'm a Book: Book 4	BOOK	Library	2020-11-02
1029	6799834267	I'm a Book: Book 5	BOOK	Library	2020-11-21
1029	6799834268	I'm a Book: Book 6	BOOK	Library	2020-12-16
1029	6799834269	I'm a Book: Book 7	BOOK	Library	2020-12-28
1029	6799834270	I'm a Book: Book 8	BOOK	Library	2021-01-21
1029	6799834271	I'm a Book: Book 9	BOOK	Library	2021-02-04
1029	6799834272	I'm a Book: Book 10	BOOK	Library	2021-02-26
1029	6799834273	I'm a Book: Book 11	BOOK	Library	2021-03-08
1029	6799834274	I'm a Book: Book 12	BOOK	Library	2021-03-30
1029	6799834275	I'm a Book: Book 13	BOOK	Library	2021-04-24
1029	6799834276	I'm a Book: Book 14	BOOK	Library	2021-05-13
1029	6799834277	I'm a Book: Book 15	BOOK	Library	2021-05-28
1029	6799834278	I'm a Book: Book 16	BOOK	Library	2021-06-17
1029	6799834279	I'm a Book: Book 17	BOOK	Library	2021-06-28
1029	6799834280	I'm a Book: Book 18	BOOK	Library	2021-07-22
1029	6799834281	I'm a Book: Book 1	BOOK	Library	2020-09-20
1029	6799834282	I'm a Book: Book 2	BOOK	Library	2020-10-11
1029	6799834283	I'm a Book: Book 3	BOOK	Library	2020-10-26
1029	6799834284	I'm a Book: Book 4	BOOK	Library	2020-11-20
1029	6799834285	I'm a Book: Book 5	BOOK	Library	2020-12-15
1029	6799834286	I'm a Book: Book 6	BOOK	Library	2021-01-07
1029	6799834287	I'm a Book: Book 7	BOOK	Library	2021-01-21
1029	6799834288	I'm a Book: Book 8	BOOK	Library	2021-02-14
1029	6799834289	I'm a Book: Book 9	BOOK	Library	2021-02-25
1029	6799834290	I'm a Book: Book 10	BOOK	Library	2021-03-06
1029	6799834291	I'm a Book: Book 11	BOOK	Library	2021-03-19
1029	6799834292	I'm a Book: Book 12	BOOK	Library	2021-04-02
1029	6799834293	I'm a Book: Book 13	BOOK	Library	2021-04-19
1029	6799834294	I'm a Book: Book 14	BOOK	Library	2021-05-09
1029	6799834295	I'm a Book: Book 15	BOOK	Library	2021-05-21
1029	6799834296	I'm a Book: Book 16	BOOK	Library	2021-06-02
1029	6799834297	I'm a Book: Book 17	BOOK	Library	2021-06-12
1029	6799834298	I'm a Book: Book 18	BOOK	Library	2021-06-30
1029	6799834299	I'm a Book: Book 19	BOOK	Library	2021-07-25
1030	6799834300	I'm a Book: Book 1	BOOK	Library	2020-09-23
1030	6799834301	I'm a Book: Book 2	BOOK	Library	2020-10-16
1030	6799834302	I'm a Book: Book 3	BOOK	Library	2020-11-05
1030	6799834303	I'm a Book: Book 4	BOOK	Library	2020-11-29
1030	6799834304	I'm a Book: Book 5	BOOK	Library	2020-12-20
1030	6799834305	I'm a Book: Book 6	BOOK	Library	2021-01-01
1030	6799834306	I'm a Book: Book 7	BOOK	Library	2021-01-16
1030	6799834307	I'm a Book: Book 8	BOOK	Library	2021-01-30
1030	6799834308	I'm a Book: Book 9	BOOK	Library	2021-02-10
1030	6799834309	I'm a Book: Book 10	BOOK	Library	2021-03-02
1030	6799834310	I'm a Book: Book 11	BOOK	Library	2021-03-14
1030	6799834311	I'm a Book: Book 12	BOOK	Library	2021-03-25
1030	6799834312	I'm a Book: Book 13	BOOK	Library	2021-04-11
1030	6799834313	I'm a Book: Book 14	BOOK	Library	2021-05-05
1030	6799834314	I'm a Book: Book 15	BOOK	Library	2021-05-21
1030	6799834315	I'm a Book: Book 16	BOOK	Library	2021-06-12
1030	6799834316	I'm a Book: Book 17	BOOK	Library	2021-07-03
1030	6799834317	I'm a Book: Book 18	BOOK	Library	2021-07-27
1030	6799834318	I'm a Book: Book 1	BOOK	Library	2020-10-04
1030	6799834319	I'm a Book: Book 2	BOOK	Library	2020-11-02
1030	6799834320	I'm a Book: Book 3	BOOK	Library	2020-11-22
1030	6799834321	I'm a Book: Book 4	BOOK	Library	2020-12-16
1030	6799834322	I'm a Book: Book 5	BOOK	Library	2020-12-31
1030	6799834323	I'm a Book: Book 6	BOOK	Library	2021-01-17
1030	6799834324	I'm a Book: Book 7	BOOK	Library	2021-02-16
1030	6799834325	I'm a Book: Book 8	BOOK	Library	2021-03-19
1030	6799834326	I'm a Book: Book 9	BOOK	Library	2021-04-08
1030	6799834327	I'm a Book: Book 10	BOOK	Library	2021-05-05
1030	6799834328	I'm a Book: Book 11	BOOK	Library	2021-05-26
1030	6799834329	I'm a Book: Book 12	BOOK	Library	2021-06-19
1030	6799834330	I'm a Book: Book 13	BOOK	Library	2021-07-22
